
DROP TABLE IF EXISTS `Reservation`;
DROP TABLE IF EXISTS `Videogames`;
DROP TABLE IF EXISTS `Music`;
DROP TABLE IF EXISTS `Books`;
DROP TABLE IF EXISTS `Comics`;
DROP TABLE IF EXISTS `Products`;
DROP TABLE IF EXISTS `Users`;

CREATE TABLE `Users` (
  `email` varchar(255) NOT NULL,
  `password` varchar(100) NOT NULL,
  PRIMARY KEY(`email`)
);

CREATE TABLE `Products` (
  `id` int unsigned NOT NULL,
  `name` varchar(100) NOT NULL,
  `price` decimal(10,2) unsigned DEFAULT NULL,
  `release_date` date DEFAULT NULL,
  `product_type` enum('Libro', 'Musica', 'Fumetto', 'Videogioco') NOT NULL,
  `status` enum('Disponibile', 'Non disponibile') DEFAULT NULL,
  `sale_percentage` tinyint unsigned DEFAULT 0,
  `description` varchar(1000) DEFAULT NULL,
  PRIMARY KEY (`id`),
  UNIQUE KEY `name` (`name`)
);

CREATE TABLE `Books` (
  `id` int unsigned NOT NULL,
  `Autore` varchar(50) NOT NULL,
  `Pagine` int unsigned DEFAULT NULL,
  `Genere` varchar(50) DEFAULT NULL,
  PRIMARY KEY (`id`),
  FOREIGN KEY (`id`) REFERENCES `Products`(`id`)
);

CREATE TABLE `Music` (
  `id` int unsigned NOT NULL,
  `Artista` varchar(50) NOT NULL,
  `Durata (minuti)` int unsigned DEFAULT NULL,
  `Genere` varchar(50) DEFAULT NULL,
  `Formato` enum('CD', 'Vinile', 'Altro'),
  PRIMARY KEY (`id`),
  FOREIGN KEY (`id`) REFERENCES `Products`(`id`)
);

CREATE TABLE `Comics` (
  `id` int unsigned NOT NULL,
  `Autore` varchar(50) NOT NULL,
  `Pagine` int unsigned DEFAULT NULL,
  `Genere` varchar(50) DEFAULT NULL,
  PRIMARY KEY (`id`),
  FOREIGN KEY (`id`) REFERENCES `Products`(`id`)
);

CREATE TABLE `Videogames` (
  `id` int unsigned NOT NULL,
  `Sviluppatore` varchar(50) NOT NULL,
  `Genere` varchar(50) DEFAULT NULL,
  PRIMARY KEY (`id`),
  FOREIGN KEY (`id`) REFERENCES `Products`(`id`)
);

CREATE TABLE `Reservation` (
  `id` int unsigned NOT NULL AUTO_INCREMENT,
  `product_id` int unsigned NOT NULL,
  `email` varchar(255) NOT NULL,
  `reservation_date` date NOT NULL,
  `reservation_time` char(11) NOT NULL,
  `notes` varchar(500) DEFAULT NULL,
  PRIMARY KEY(`id`),
  FOREIGN KEY(`product_id`) REFERENCES `Products`(`id`),
  FOREIGN KEY(`email`) REFERENCES `Users`(`email`)
);


INSERT INTO `Users` VALUES ('iulius@gmail.com',''),('iulius2@mail.com','d-mase24'),('iulius3@mail.com','todaro24'),('iulius4@gmail.com','d-mase24'),('todaro@gmail.com','D-mase24'),('user1@email.com','password1'),('user10@email.com','password10'),('user2@email.com','password2'),('user3@email.com','password3'),('user4@email.com','password4'),('user5@email.com','password5'),('user6@email.com','password6'),('user7@email.com','password7'),('user8@email.com','password8'),('user9@email.com','password9');
INSERT INTO `Products` VALUES (1,'Pensieri',52.05,'2016-11-10','Libro','Disponibile',10, 'Collezione di pensieri e riflessioni personali di Marco Aurelio, imperatore romano, riguardo a temi esistenziali senza tempo.'),
                              (2,'Iliade',40.51,'2018-10-11','Libro','Disponibile',20, 'Opera epica che narra della guerra di Troia, radice profonda della narrazione e della cultura greca antica.'),
                              (3,'Odissea',35.67,'2018-09-20','Libro','Disponibile',20, 'Opera epica che narra del viaggio di ritorno dalla guerra di Troia da parte di Ulisse, eroe acheo e uomo moderno. Altro capostipite della cultura greca antica.'),
                              (4,'I fratelli Karamazov',39.61,'2019-01-01','Libro','Disponibile',15, 'Racconto riguardante la vita dei fratelli di una famiglia russa, tiranneggiata dal padre Fèdor, la cui morte funge da lente per osservare la fede, la morale dei protagonisti e sviscerare altre tematiche impattanti della vita umana.'),
                              (5,'I giardini della luna',25.82,'2016-02-06','Libro','Disponibile',45, 'Primo volume della collana fantasy Malazan.'),
                              (6,'L''Invincibile',25.77,'2020-07-23','Libro','Disponibile',20, 'Opera di fantascienza che narra della spedizione di recupero di un incrociatore galattico, scomparso misteriosamente nel deserto pianeta Regis-III, da parte della gemella nave Invincibile.'),
                              (7,'Il deserto dei Tartari',44.63,'2022-05-17','Libro','Disponibile',0, 'Romanzo classico che racconta l''attesa vana e l''alienazione dell''ufficiale Giovanni Drogo di fronte a una minaccia mai concreta in una fortezza isolata ai confini del deserto.'),
                              (8,'La Ruota del Tempo - L''Occhio del Mondo',54.93,'2020-05-14','Libro','Disponibile',0, 'Primo volume della collana fantasy La Ruota del Tempo.'),
                              (9,'Uno, nessuno e centomila',19.24,'2019-01-01','Libro','Disponibile',0, 'Racconto che esplora la crisi d''identità del protagonista Vitangelo Moscarda, causata dalla scoperta della molteplicità delle percezioni altrui del nostro io.'),
                              (10,'Terra!',35.88,'2013-06-01','Libro','Disponibile',0, 'Romanzo di fantascienza satirica che narra la stravagante avventura di un gruppo di improbabili eroi in un futuro distopico alla ricerca di un nuovo pianeta abitabile per l''umanità.'),
                              (11,'1984',30.78,'2022-08-29','Libro','Non disponibile',0, 'Romanzo distopico che esplora la realtà oppressiva di un regime totalitario, dove la sorveglianza incessante e la manipolazione della verità tramite propaganda mantengono un feroce controllo sull''uomo e la sua individualità.'),
                              (12,'Il signore degli anelli',23.82,'2023-10-28','Libro','Disponibile',0, 'Opera fondatrice del genere fantasy che narra dell''avventura di un gruppo di eroi in un''incessante battaglia tra il bene e il male.'),
                              (13,'La metamorfosi',54.52,'2021-12-03','Libro','Disponibile',0, 'Romanzo che racconta la drammatica trasformazione di Gregor Samsa in un insetto gigante, esplorando la figura dell''uomo moderno e dei suoi problemi, isolamento, alienazione e l''inevitabilità del destino.'),
                              (14,'la strada',48.21,'2020-08-15','Libro','Disponibile',0, 'Romanzo post-apocalittico che segue le vicende di un uomo e un bambino senza nome che vagano per un''America distrutta dall''inverno nucleare, alla ricerca di una possibile salvezza'),
                              (15,'L''arte della guerra',15.23,'2024-11-09','Libro','Non disponibile',0, 'Nuova edizione del celebre saggio sull''arte marziale dello stratega cinese Sun Tzu.'),
                              (16,'Le avventure di Sherlock Holmes',46.72,'2020-12-11','Libro','Disponibile',0, 'Raccolta di racconti brevi che vedono il geniale detective Sherlock Holmes e il suo amico Watson alle prese con complessi misteri da risolvere.'),
                              (17,'La divina commedia',56.43,'2021-07-20','Libro','Disponibile',0, 'Poema epico, base solida della letteratura italiana, che narra il viaggio immaginario del poeta Dante Alighieri attraverso l''Inferno, il Purgatorio e il Paradiso crisitani, esplorando temi di giustizia divina, redenzione e la natura della condizione umana.'),
                              (18,'Niente di nuovo sul fronte occidentale',32.63,'2022-07-31','Libro','Disponibile',0, 'Romanzo che descrive la dura realtà della vita di un soldato tedesco durante la Prima Guerra Mondiale, mettendo in luce la disillusione e il trauma della guerra attraverso gli occhi di un giovane soldato.'),
                              (19,'Straniero in terra straniera',16.98,'2022-08-05','Libro','Disponibile',0, 'Romanzo di fantascienza che segue le avventure di Michael Valentine Smith, un uomo cresciuto su Marte che, tornato sulla Terra, affronta le sfide della cultura umana e la sua propria identità, esplorando temi di libertà e religione.'),
                              (20,'La via dei Re',56.96,'2022-12-04','Libro','Non disponibile',0, 'Primo volume della collana fantasy Le cronache della Folgoluce.'),
                              (21,'Il processo',28.80,'2022-02-03','Libro','Disponibile',0, 'Romanzo incompiuto che racconta la storia di Josef K., un uomo arrestato e accusato di un crimine sconosciuto, che si scontra con un sistema giudiziario complicato e opprimente, dove le regole sono confuse e il potere sembra arbitrario e implacabile.'),
                              (22,'Dei delitti e delle pene',46.20,'2021-08-01','Libro','Disponibile',0, 'Trattato fondamentale del pensiero giuridico e penale del XVIII secolo, in cui l''autore analizza e critica il sistema penale dell''epoca, sostenendo riforme per un sistema più giusto e razionale, e opponendosi alla tortura e alla pena di morte.'),
                              (23,'Il conte di Montecristo',48.16,'2021-03-22','Libro','Disponibile',0, 'Romanzo d''avventura che segue la storia di Edmond Dantès, un giovane ingiustamente imprigionato per tradimento. Dopo una lunga detenzione, riesce a evadere, scoprire un tesoro nascosto e intraprendere una vendetta elaborata contro coloro che lo hanno tradito.'),
                              (24,'Il ritratto di Dorian Gray',35.83,'2021-01-07','Libro','Non disponibile',0, 'Romanzo classico che racconta la vita dissoluta e corrotta di Dorian Gray, un giovane affascinante e influente che, desiderando mantenere la sua bellezza eterna, fa un patto per far sì che il suo ritratto invecchi al posto suo.'),
                              (25,'I miti di Cthulhu e altri racconti',46.21,'2020-07-10','Libro','Disponibile',0, 'Raccolta di racconti dell''orrore, scritti da uno dei padri della letteratura fantastica e horror, Lovecraft.'),
                              (26,'Il condominio',48.16,'2021-03-22','Libro','Disponibile',0, 'Romanzo che esplora il deterioramento della vita sociale e personale all''interno di un moderno condominio di lusso. Con uno stile distintivo, Ballard descrive come l''isolamento e la crescente tensione tra i residenti portano a una degenerazione della civiltà e a una spirale di violenza e anarchia.'),
                              (27,'Golem XIV',48.16,'2021-03-22','Libro','Disponibile',0, 'Racconto presentato sottoforma di estratti di conferenze tra un pubblico di scienziati da tutto il mondo e Golem XIV, l''ultimo supercomputer sviluppato per fini bellici che si è però disinteressato alle questioni mondane, vertendo la sua attenzione sullà realtà e la natura del mondo ed altri temi filosofici.'),
                              (28,'Verp Vorp Gee zee Gorp',69.42,'2028-02-27','Libro','Non Disponibile',0, 'Estalix quomblar zinthik vortez, glibrix vorp nax quee zexi, zevix praltor greeb vorbax geetla quorp vrix "Vorp Vorp Vorp!!!".'),
                              (29,'Guida galattica per gli autostoppisti',48.16,'2021-03-22','Libro','Disponibile',0, 'Romanzo di fantascienza umoristica che segue le avventure di Arthur Dent, un terrestre salvato da un''astronave appena prima che la Terra venga distrutta per fare spazio a un''autostrada spaziale.'),
                              (30,'Big Mazza',48.16,'2069-09-11','Libro','Non Disponibile',0, 'Eskibidi Goku Basado Sigma Digital Circus Fernanfilo Big balls bird (Ai generated).'),
                              (31,'L''orologiaio cieco',48.16,'2021-03-22','Libro','Disponibile',0, 'Saggio scientifico che esplora la teoria dell''evoluzione attraverso il concetto di selezione naturale, presentando la vita e l''universo come il risultato di un processo non guidato e non intenzionale, sfidando le visioni di progettazione intelligente e spiegando come la complessità biologica possa emergere senza un "orologiaio" cosciente.'),
                              
                              (32,'Thriller',22.10,'1982-02-18','Musica','Disponibile',30, 'Album intramontabile del grande Michael Jackson, che ha ridefinito la culturap op di fine ''900.'),
                              (33,'Kind of Blue',18.06,'1959-11-26','Musica','Disponibile',20, 'Pubblicato nel 1959, è considerato uno dei capolavori assoluti del jazz e uno degli album più influenti della storia della musica.'),
                              (34,'Discovery',18.11,'2001-09-26','Musica','Disponibile',50, 'Album che combina elementi di house, disco e synthpop, con tracce iconiche come One More Time e Harder, Better, Faster, Stronger.'),
                              (35,'The Black Saint and the Sinner Lady',10.88,'1963-08-28','Musica','Disponibile',10, ' Nota per la sua complessità e struttura quasi orchestrale, è un''opera innovativa che combina jazz, flamenco e influenze classiche, esplorando temi intensi e personali attraverso arrangiamenti potenti e un''esecuzione drammatica.'),
                              (36,'In the Lonely Hour',31.68,'2014-10-02','Musica','Disponibile',20, ' Con hit come Stay With Me e I’m Not the Only One, l''album mescola pop e soul in un''esperienza emotiva e potente.'),
                              (37,'1989',30.68,'2014-07-17','Musica','Non disponibile',0, 'Pubblicato nel 2014, questo album segna il passaggio di Taylor Swift dal country al pop e include successi come Blank Space e Shake It Off.'),
                              (38,'18',19.21,'2002-01-27','Musica','Disponibile',0, ' Album che combina elettronica, ambient e influenze di musica pop e blues. Con brani come We Are All Made of Stars e Extreme Ways, l''album esplora temi di introspezione e speranza attraverso una produzione variegata e ricca di atmosfere.'),
                              (39,'Led Zeppelin IV',28.56,'1971-06-05','Musica','Disponibile',0, 'Eccellente album rock, con brani iconici come Stairway to Heaven, Black Dog e Rock and Roll; questo album è uno dei capolavori del rock e ha avuto un impatto duraturo sullo scenario musicale dagli anni ''70 in poi.'),
                              (40,'A Love Supreme',6.15,'1965-05-01','Musica','Disponibile',0, 'Capolavoro del jazz spirituale, composto da una suite in quattro parti che esplora temi di fede e redenzione attraverso l''energia e l''innovazione del jazz.'),
                              (41,'The Dark Side of the Moon',6.95,'1973-06-19','Musica','Disponibile',0, 'Album iconico del rock progressivo, noto per la sua produzione innovativa e i temi concettuali che esplorano la condizione umana e la follia. Con brani come Time, Money, e Us and Them, l''album è stato acclamato per la sua coesione sonora e l''uso pionieristico della tecnologia in studio.'),
                              (42,'The Fame',31.17,'2008-02-11','Musica','Disponibile',0, 'Con brani come Just Dance e Poker Face, questo album ha lanciato Lady Gaga come una delle principali icone del pop moderno.'),
                              (43,'We Are Magonia',27.62,'2019-02-23','Musica','Disponibile',0, 'Album di musica elettronica che esplora sonorità moderne e futuristiche con influenze di synthwave e ambient. L''album è caratterizzato da atmosfere eteree e ritmi pulsanti, creando un''esperienza immersiva e avvolgente per gli ascoltatori.'),
                              (44,'Back in Black',27.85,'1980-08-03','Musica','Non disponibile',0, 'Con brani come Hells Bells e You Shook Me All Night Long, l''album è un classico dell''hard rock, noto per i suoi riff potenti e l''energia esplosiva.'),
                              (45,'Skrillex and Diplo Present Jack Ü',22.06,'2015-03-30','Musica','Non disponibile',0, 'Con brani come Where Are Ü Now (feat. Justin Bieber) e Take Ü There, l''album mescola dubstep e EDM in un''esperienza energica e innovativa.'),
                              (46,'Led Zeppelin II',32.92,'1969-08-23','Musica','Disponibile',0, 'Con brani come Whole Lotta Love e Ramble On, l''album è un capolavoro del rock blues, noto per i suoi riff potenti e un''energia esplosiva.'),
                              (47,'A Night at the Opera',8.17,'1975-01-12','Musica','Non disponibile',0, 'Con brani epici come Bohemian Rhapsody e You''re My Best Friend, l''album è noto per la sua audace sperimentazione e la maestria musicale dei Queen.'),
                              (48,'Starboy',14.72,'2016-03-20','Musica','Non disponibile',0, ' Con i pezzi forti Starboy e I Feel It Coming, l''album combina influenze di pop, R&B e synthwave, ed è noto per il suo sound distintivo e le sue produzioni sofisticate.'),
                              (49,'in Silico',6.95,'2008-06-19','Musica','Disponibile',0, ' l''album offre una fusione di drum and bass, rock elettronico e influenze dance, creando un''esperienza energica e dinamica.'),
                              (50,'Romeo and Juliet',18.35,'1938-06-07','Musica','Non disponibile',0, '"Romeo and Juliet" è una suite sinfonica basata sulla sua famosa musica per il balletto omonimo. L''opera musicale è una reinterpretazione della celebre tragedia di Shakespeare, e i brani esprimono le emozioni e le atmosfere della storia d''amore e conflitto tra i due amanti sfortunati, attraverso una combinazione di temi drammatici e danze evocative.'),
                              (51,'Awaken, My Love!',30.12,'2016-01-27','Musica','Disponibile',0, 'Redbone e Me and Your Mama punti forti dell''album, che esplora un mix di soul, funk e elementi elettronici, offrendo un suono distintivo e innovativo.'),
                              (52,'Achtung Baby',34.42,'1991-03-17','Musica','Disponibile',0, 'Album che segna un''evoluzione nel sound della band, mescolando rock, elettronica e influenze alternative.'),
                              (53,'Palo Santo',30.08,'2018-11-08','Musica','Disponibile',0, ' Con brani come Sanctify e If You''re Over Me, l''album offre un mix di synth-pop e R&B con una produzione moderna e temi emotivi.'),
                              (54,'Rachmaninoff: Piano Concertos Nos. 2 & 3',17.10,'1983-10-13','Musica','Non disponibile',0, 'Questi concerti, in particolare il Concerto per Pianoforte No. 2, sono celebri per la loro ricchezza emotiva e la virtuosità pianistica.'),
                              (55,'Maiden Voyage',26.01,'1965-08-18','Musica','Disponibile',0, 'Con brani come Maiden Voyage e Dolphin Dance, l''album è un esempio distintivo di jazz post-bop, noto per le sue esplorazioni armoniche e il suo approccio innovativo.'),
                              (56,'MILDRED',8.98,'2023-05-31','Musica','Disponibile',0, 'Opera che esplora sonorità ambientali e glitch, creando paesaggi sonori grotteschi e violenti.'),
                              (57,'Full Moon',26.49,'2022-06-30','Musica','Disponibile',0, 'Un album che combina elementi di synthwave e trance, offrendo atmosfere spaziali e ritmi coinvolgenti.'),
                              (58,'Nel nome del Codice',26.49,'2024-02-28','Musica','Disponibile',0, 'Un mix di ambient e chiptune che crea un''esperienza sonora nostalgica e al contempo innovativa.'),
                              (59,'Museica',26.49,'2014-08-13','Musica','Disponibile',0, 'Un album che mescola rap con riflessioni culturali e sociali, caratterizzato dalla creatività lirica di Caparezza e dal suo stile unico.'),
                              (60,'Rancore',26.49,'2009-04-21','Musica','Disponibile',0, 'Un lavoro che mostra il lato più poetico e riflessivo del rap italiano, con testi incisivi e una produzione variegata.'),
                              (61,'good kid, m.A.A.d city',26.49,'2012-12-18','Musica','Disponibile',0, 'Un album fondamentale del rap contemporaneo americano, che narra storie di vita e lotte personali con una narrazione profonda e una produzione innovativa.'),
                              (62,'Synthetica',26.49,'2012-02-08','Musica','Disponibile',0, 'Album combina elementi di future bass e chillwave, creando un suono atmosferico e rilassante, con melodie sognanti e ritmi avvolgenti.'),
                              
                              (63,'Excel Saga',19.63,'2001-11-30','Fumetto','Disponibile',0, 'Primo volume della serie manga "Excel Saga, animazione sperimentale insensata".'),
                              (64,'The Jonkler returns',20.04,'2024-04-09','Fumetto','Disponibile',20, 'L''attessimo ritorno della pluripremiata saga del Jonkler.'),
                              (65,'Ping pong',22.79,'2021-01-19','Fumetto','Disponibile',15, '"Ping Pong" di Taiyo Matsumoto è un manga che segue la storia di due amici, Peco e Smile, legati dalla passione per il ping pong, esplorando la loro crescita personale e le loro sfide sportive e interiori. Il manga combina dinamismo e introspezione, mettendo in risalto il conflitto tra talento naturale e disciplina.'),
                              (66,'Hellsing',22.45,'1997-10-26','Fumetto','Disponibile',20, 'L''operasegue l''organizzazione segreta Hellsing, guidata da Sir Integra Hellsing, che combatte vampiri e creature soprannaturali. Il vampiro Alucard, al servizio dell''Hellsing, affronta nemici potenti, tra cui i nazisti del Millennium e gli esorcisti della Chiesa Cattolica, rappresentati dall''Iscariota XIII, in un conflitto violento e sovrannaturale, ricco di atmosfere gotiche.'),
                              (67,'Spiderman',10.29,'1996-03-19','Fumetto','Disponibile',30, 'Primo volume della collana ristampata delle eroiche gesta del supereroe più famoso del mondo, Spiderman.'),
                              (68,'299+1',17.12,'2021-01-04','Fumetto','Disponibile',40, 'Una delle tante opere comiche satiriche del celebre scrittore e illustratore italiano Leo Ortolani.'),
                              (69,'Watchmen',11.86,'1986-04-19','Fumetto','Disponibile',0, 'In una realtà alternativa degli anni ''80, dove i supereroi hanno influenzato la storia, un gruppo di ex vigilanti indaga sull''omicidio di uno di loro, offrendo una critica profonda e satirica del genere supereroistico.'),
                              (70,'The Sandman',66.27,'1989-09-11','Fumetto','Disponibile',0, 'L''opera parla di Morpheus, il Signore dei Sogni, e delle sue interazioni con il mondo dei sogni e della realtà. La trama mescola mitologia, letteratura e storia, esplorando temi di potere, cambiamento e redenzione attraverso una narrazione ricca e complessa.'),
                              (71,'JoJo''s Bizarre Adventure',21.44,'2020-08-05','Fumetto','Disponibile',0, 'Una serie di manga che segue le avventure della famiglia Joestar attraverso diverse generazioni, ognuna con il proprio protagonista. La trama è caratterizzata da battaglie esagerate, poteri soprannaturali e uno stile artistico unico e influente, combinando elementi di azione, avventura e fantasia.'),
                              (72,'Monster',5.82,'1994-11-12','Fumetto','Disponibile',0, ' La storia parla delle vicende del Dr. Kenzo Tenma, un neurochirurgo di successo che diventa un fuggitivo dopo aver salvato la vita a un giovane che si rivela essere un serial killer. La trama esplora la natura del male e le conseguenze delle scelte morali attraverso una serie di eventi complessi e intrecciati.'),
                              (73,'Berserk',6.50,'1990-03-24','Fumetto','Disponibile',0, 'Ambientato in un mondo medievale oscuro e violento, la storia segue le avventure di Guts, un guerriero solitario con un passato tormentato. La trama esplora temi di vendetta, destino e lotta contro forze demoniache, mentre Guts affronta una serie di nemici e si confronta con la propria umanità.'),
                              (74,'V for Vendetta',22.61,'1982-10-23','Fumetto','Non disponibile',0, 'Ambientato in una distopia futura, l''opera narra la storia di V, un vigilante mascherato che combatte contro un regime totalitario in Inghilterra. La storia esplora temi di libertà, anarchia e identità attraverso una narrazione ricca di simbolismo e critica sociale.'),
                              (75,'The Walking Dead',13.45,'2022-11-28','Fumetto','Disponibile',0, 'In un mondo post-apocalittico infestato da zombie, un gruppo di sopravvissuti guidato da Rick Grimes lotta per la sopravvivenza e cercando di ricostruire una vita normale. La serie esplora le dinamiche umane e le sfide morali in un contesto di crisi continua.'),
                              (76,'Fullmetal Alchemist',5.31,'2020-12-17','Fumetto','Disponibile',0, 'L''opera narra le avventure di Edward e Alphonse Elric, due fratelli che usano l''alchimia per cercare di ripristinare i loro corpi dopo un esperimento fallito. La loro ricerca li conduce attraverso una serie di avventure e scontri con forze oscure, esplorando temi di sacrificio, redenzione e il prezzo del potere.'),
                              (77,'Claymore',21.64,'2001-06-12','Fumetto','Disponibile',0, 'Ambientato in un mondo infestato da demoni chiamati "Yoma", la trama segue Clare, una guerriera metà umana e metà Yoma che è parte di un''organizzazione di soldati superumani chiamati "Claymore". La sua missione è combattere gli Yoma e scoprire la verità sulla sua famiglia e la sua esistenza.'),
                              (78,'Black Lagoon',7.88,'2002-11-21','Fumetto','Disponibile',0, 'La serie segue le avventure della Lagoon Company, un gruppo di mercenari operanti nel sud-est asiatico. Composta da membri con abilità diverse e personalità complesse, la squadra affronta missioni pericolose in un mondo di violenza, traffici illeciti e conflitti con bande criminali.'),
                              (79,'Vinland Saga',5.89,'2005-03-09','Fumetto','Non disponibile',0, 'Ambientato nell''era delle esplorazioni vichinghe, il manga narra le avventure di Thorfinn, un giovane vichingo che cerca vendetta contro il mercenario che ha ucciso suo padre. La storia mescola elementi storici con fantasie epiche, esplorando la vita e le guerre dei vichinghi.'),
                              (80,'Dorohedoro',18.91,'2000-11-05','Fumetto','Disponibile',0, 'In un mondo urbano oscuro e surreale, il manga segue Caiman, un uomo con la testa di un rettile che ha perso la memoria, mentre cerca di scoprire la verità sulla sua trasformazione e vendicarsi del mago responsabile. La serie è nota per il suo stile artistico unico e il mix di umorismo e horror.'),
                              (81,'20th Century Boys',13.85,'1999-09-18','Fumetto','Disponibile',0, 'Questa storia di thriller e mistero segue un gruppo di amici d''infanzia che, dopo anni di separazione, si ritrovano coinvolti in una cospirazione globale che sembra avere radici nel loro passato comune.'),
                              (82,'Locke & Key',17.31,'2008-06-06','Fumetto','Disponibile',0, 'Dopo l''omicidio del padre, i fratelli Locke si trasferiscono nella loro antica casa familiare, Keyhouse, dove scoprono chiavi magiche con poteri straordinari. Ogni chiave apre porte a nuove realtà e forze oscure, portando alla luce antichi segreti e minacce terribili.'),
                              (83,'Hunter x Hunter ',10.48,'1988-03-27','Fumetto','Disponibile',0, 'L''opera egue le avventure di Gon Freecss, un giovane ragazzo che diventa un "Hunter" per trovare suo padre e scoprire i misteri del mondo. Lungo il percorso, Gon affronta sfide, nemici potenti e stringe amicizie che cambiano la sua vita.'),
                              (84,'Batman: The Killing Joke',10.93,'1988-04-14','Fumetto','Disponibile',0, 'Questo graphic novel offre una visione oscura e approfondita delle origini del Joker, esplorando la sua psicologia e il suo conflitto con Batman.'),
                              (85,'Daredevil: Born Again',11.52,'1986-08-02','Fumetto','Disponibile',0, 'Questo fumetto narra la caduta e la rinascita di Matt Murdock, alias Daredevil, quando la sua identità segreta viene rivelata pubblicamente. Il suo arcinemico, Kingpin, sfrutta la situazione per distruggere la vita di Murdock, che deve ricostruire tutto da zero e combattere per tornare in carreggiata.'),
                              (86,'Eyeshield 21',6.68,'2002-04-01','Fumetto','Disponibile',0, 'La storia segue Sena Kobayakawa, un ragazzo timido e introverso ma con una straordinaria velocità, che diventa un corridore di talento per la squadra di football americano della sua scuola. Insieme ai suoi amici affronta le sue insicurezze e si impegna a superare le sfide del campionato.'),
                              (87,'Spice and wolf',23.20,'2006-02-27','Fumetto','Disponibile',0, 'L''opera racconta di Kraft Lawrence, un mercante itinerante, e di Holo, una dea-lupo che lo accompagna nei sui viaggi. Insieme, commerciano e rimangono invischiati in molte avventure, mentre Holo cerca di tornare al suo paese natale.'),
                              (88,'Dungeon Food',23.20,'2014-05-30','Fumetto','Disponibile',0, 'Manga che segue un gruppo di avventurieri in un dungeon, focalizzandosi sulle loro avventure mentre preparano piatti gourmet utilizzando ingredienti trovati nei sotterranei.'),
                              (89,'Trigun',23.20,'1997-12-21','Fumetto','Disponibile',0, 'Ambientato in un mondo desertico e desolato, la storia narra delle vicende di Vash the Stampede, un pistolero con una grande taglia sulla testa e un passato misterioso. Nonostante la sua fama di distruttore, Vash cerca di portare pace e giustizia ovunque vada, ma sembra essere foriero soltanto di distruzione.'),
                              (90,'Ghost in the Shell',23.20,'1989-03-04','Fumetto','Disponibile',0, 'In un futuro cyberpunk, la Maggiore Motoko Kusanagi, una cyborg ufficiale di sicurezza, indaga su crimini e complotti in un mondo altamente tecnologico e interconnesso, in cui il confine tra reale e virtuale, uomo e macchina diventa sempre più labile.'),
                              (91,'Ratman',23.20,'1995-05-20','Fumetto','Disponibile',0, ' La serie umoristica di Leo Ortolani segue le disavventure di Ratman, un supereroe con costume da un ratto e cerca di combattere il crimine mentre affronta varie situazioni comiche e parodistiche, riflettendo con ironia il mondo dei supereroi.'),
                              (92,'Tengen Toppa Gurren Lagann',23.20,'2007-04-13','Fumetto','Disponibile',0, 'manga basato sull''omonimo anime che segue le avventure di Simon e Kamina, due ragazzi che si ribellano contro una tirannica dominazione della terra e combattono per la libertà dell''umanità.'),
                              (93,'Great Teacher Onizuka',23.20,'2002-10-07','Fumetto','Disponibile',0, 'Opera che narra delle disavventure e le esperienze di Eikichi Onizuka, un ex-teppista diventato insegnante, mentre affronta le sfide di una classe di studenti problematici e impara a essere un vero educatore.'),

                              
                              (94,'Demon''s Souls',40.09,'2009-10-06','Videogioco','Disponibile',0, 'Un action RPG che ti sfida a esplorare un regno maledetto, affrontando una serie di colossali e terrificanti nemici. Con una difficoltà elevata e un mondo oscuro e misterioso, il gioco è rinomato per la sua atmosfera inquietante e la complessità del suo sistema di combattimento.'),
                              (95,'Xenoblade Chronicles',23.37,'2010-05-01','Videogioco','Disponibile',0, ' JRPG che offre un vasto mondo open-world e una trama ricca di intrighi e battaglie strategiche. Il gioco segue la storia di Shulk e i suoi compagni mentre combattono contro una razza invasiva in un universo futuristico e mitico.'),
                              (96,'The witcher 3',27.26,'2015-12-28','Videogioco','Disponibile',20, 'Un RPG open-world acclamato per la sua trama avvincente e il mondo vasto e dettagliato. Il protagonista, Geralt di Rivia, è un cacciatore di mostri che deve navigare tra le fazioni in conflitto e affrontare minacce sovrannaturali mentre cerca di ritrovare la sua figlia adottiva.'),
                              (97,'Shadow of the colossus',29.39,'2005-07-04','Videogioco','Disponibile',30, 'Action-adventure che si concentra su una serie di battaglie epiche contro enormi colossi in un mondo solitario e mistico. Il gioco è noto per il suo design minimalista e la sua storia emozionante, che esplora temi di amore e sacrificio.'),
                              (98,'ICO',55.14,'2001-11-16','Videogioco','Non disponibile',30, ': Un''avventura enigmatica che segue un giovane ragazzo intrappolato in un castello labirintico. La sua missione è quella di guidare una principessa fuori da questa prigione misteriosa, risolvendo puzzle e scoprendo la storia che si cela dietro il castello.'),
                              (99,'Elden Ring',57.44,'2022-07-28','Videogioco','Non disponibile',10, 'Un RPG open-world che combina il gameplay impegnativo e l''atmosfera oscura tipica di FromSoftware con un vasto mondo esplorabile. Collaborando con George R.R. Martin, il gioco offre una trama epica e un sistema di combattimento fluido e profondo.'),
                              (100,'Bloodborne',26.79,'2014-03-17','Videogioco','Disponibile',40, 'Ambientato in una città gotica infestata da mostri, questo action RPG offre combattimenti frenetici e un''atmosfera inquietante. I giocatori esplorano un mondo ricco di lore e orrori mentre cercano di svelare i segreti dietro la maledizione che affligge la città.'),
                              (101,'Odin''s Sphere',32.62,'2007-03-10','Videogioco','Disponibile',0, 'Un action adventure con uno stile visivo distintivo e una trama che intreccia le storie di vari protagonisti in un mondo ispirato alla mitologia nordica. Il gioco è apprezzato per il suo gameplay profondo e la narrazione coinvolgente.'),
                              (102,'Tales of Xillia',46.32,'2011-07-17','Videogioco','Disponibile',0, 'Un JRPG che segue due eroi, Jude e Milla, che devono salvare il loro mondo da una minaccia oscura. Il gioco combina battaglie dinamiche con una trama ricca di sviluppo dei personaggi e misteri da scoprire.'),
                              (103,'Pokemon Giallo',24.55,'1998-04-27','Videogioco','Disponibile',0, 'Classico JRPG dove si impersona un allenatore di Pokémon, con Pikachu al suo fianco. Il gioco offre una narrazione semplice e coinvolgente mentre i giocatori catturano e allenano Pokémon e affrontano battaglie con altri allenatori.'),
                              (104,'Assassin''s Creed II',33.23,'2009-03-07','Videogioco','Disponibile',0, 'Ambientato durante il Rinascimento italiano, il gioco segue le avventure di Ezio Auditore, un giovane nobile che diventa un assassino per vendicare la sua famiglia e combattere una cospirazione segreta che minaccia l''Italia.'),
                              (105,'Furi',35.32,'2016-12-04','Videogioco','Disponibile',0, 'Un frenetico ibrido azione/sparatutto/rythm game in terza persona, con un forte focus sulle battaglie contro boss uniche. Il gioco è noto per la sua estetica vibrante e la colonna sonora unica, offrendo un''esperienza di gioco adrenalinica e sfidante.'),
                              (106,'Age of Empires 2',48.66,'1999-03-09','Videogioco','Disponibile',0, 'Storico gioco di strategia in tempo reale che consente ai giocatori di costruire e gestire una civiltà attraverso diverse ere storiche. Il gioco è celebre per la sua profondità strategica e le sue numerose campagne storiche.'),
                              (107,'Huniepop',58.82,'2015-01-25','Videogioco','Disponibile',0, 'Un mix di puzzle e simulazione di appuntamenti, in cui i giocatori risolvono rompicapo per migliorare le relazioni con vari personaggi. Il gioco è noto per il suo approccio umoristico e le sue meccaniche di gameplay uniche.'),
                              (108,'Ultrakill',31.62,'2020-07-04','Videogioco','Disponibile',0, 'sparatutto in prima persona che celebra l''azione veloce e il combattimento frenetico. Il gioco presenta una serie di armi potenti e nemici vari, con una grafica in stile retrò e un ritmo incalzante. Mankind is dead. Blood is fuel. Hell is full.'),
                              (109,'Va-11 Hall-a',21.53,'2016-10-14','Videogioco','Non disponibile',0, 'Un visual novel ambientato in un bar futuristico, dove i giocatori interagiscono con clienti e scoprono storie personali attraverso conversazioni. Il gioco offre una narrazione profonda e una colonna sonora che arricchisce l''atmosfera del gioco.'),
                              (110,'Armored Core 6 - Flames of Rubicon',28.31,'2023-04-27','Videogioco','Disponibile',0, 'Un gioco di simulazione mecha che consente ai giocatori di personalizzare e combattere con robot da combattimento in battaglie strategiche. Il gioco è rinomato per la sua complessità tattica e l''ampia personalizzazione delle macchine da guerra.'),
                              (111,'Cyberpunk 2077',43.47,'2020-07-24','Videogioco','Non disponibile',0, 'RPG ambientato in una metropoli futuristica dove i giocatori esplorano una città ricca di dettagli, affrontano sfide tecnologiche e interagiscono con una varietà di personaggi. La trama complessa e le scelte morali influenzano l''esperienza del gioco.'),
                              (112,'Doom',33.02,'1993-04-13','Videogioco','Disponibile',0, 'Leggendario sparatutto in prima persona, in cui i giocatori affrontano orde di demoni in uno stile di gioco frenetico e aggressivo, accompagnato da un acolonna sonora altrettanto macellante.'),
                              (113,'Space Marine 2',27.71,'2024-09-14','Videogioco','Disponibile',0, 'Un gioco d''azione in terza persona ambientato nell''universo di Warhammer 40.000, in cui i giocatori combattono contro le forze del caos con un''ampia gamma di armi e strategie in scenari futuristici.'),
                              (114,'NieR Automata',45.47,'2017-03-21','Videogioco','Disponibile',0, 'Un action RPG che esplora un futuro post-apocalittico dove androidi combattono contro una razza aliena invasiva. Con una trama profonda e filosofica, il gioco combina combattimenti adrenalinici con una narrazione complessa e una colonna sonora acclamata, creando un''esperienza immersiva e riflessiva.'),
                              (115,'God of War',49.11,'2018-10-23','Videogioco','Non disponibile',0, ' action-adventure che segue Kratos, il dio della guerra, nel suo viaggio attraverso la mitologia norrena con suo figlio Atreus. Il gioco è rinomato per la sua narrazione intensa, il combattimento innovativo e l''esplorazione di temi familiari e di redenzione.'),
                              (116,'Sekiro: Shadows die twice',21.23,'2019-12-11','Videogioco','Non disponibile',0, 'Un action-adventure che combina elementi di stealth e combattimento in un contesto feudale giapponese. I giocatori vestono i panni di un samurai cacciatore di vendetta, affrontando nemici implacabili e boss impegnativi in una storia di onore e riscatto.'),
                              (117,'Monster Hunter: World',52.55,'2018-11-01','Videogioco','Disponibile',0, 'gioco di azione e avventura che consente ai giocatori di cacciare giganteschi mostri in ambienti open-world ricchi di dettagli. Il gioco è apprezzato per il suo sistema di combattimento dinamico e la vasta personalizzazione dell''equipaggiamento.'),
                              (118,'Deus Ex: Mankind Divided',30.45,'2016-05-05','Videogioco','Disponibile',0, 'RPG cyberpunk che esplora temi di transumanesimo e cospirazione in una società divisa tra umani e potenziati. Il gioco combina elementi di stealth, azione e scelta narrativa, offrendo un mondo ricco di dettagli e una trama coinvolgente.');
INSERT INTO `Books` VALUES 
                           (1,'Marco Aurelio',294,'Saggistica'),
                           (2,'Omero',568,'Poesia'),
                           (3,'Omero',460,'Poesia'),
                           (4,'Fèdor Dostoevskij',976,'Narrativa classica'),
                           (5,'Steven Erikson',660,'Fantasy'),
                           (6,'Stanislaw Lem',284,'Sci-fi'),
                           (7,'Dino Buzzati',176,'Narrativa classica'),
                           (8,'Robert Jordan',736,'Fantasy'),
                           (9,'Luigi Pirandello',192,'Narrativa classica'),
                           (10,'Stefano Benni',320,'Commedia'),
                           (11,'George Orwell',384,'Narrativa Classica'),
                           (12,'J.R.R. Tolkien',1408,'Fantasy'),
                           (13,'Franz Kafka',130,'Narrativa Classica'),
                           (14,'Cormac McCarthy',220,'Sci-Fi'),
                           (15,'Sun Tzu',115,'Saggistica'),
                           (16,'Arthur Conan Doyle',336,'Giallo'),
                           (17,'Dante Alighieri',654,'Poesia'),
                           (18,'Erich Maria Remarque',248,'Romanzo storico'),
                           (19,'Robert A. Heinlein',624,'Sci-Fi'),
                           (20,'Brandon Sanderson',1146,'Fantasy'),
                           (21,'Franz Kafka',256,'Narrativa classica'),
                           (22,'Cesare Beccaria',208,'Saggistica'),
                           (23,'Alexandre Dumas',1238,'Narrativa classica'),
                           (24,'Oscar Wilde',272,'Narrativa classica'),
                           (25,'H.P Lovecraft',504,'Horror'),
                           (26,'James Graham Ballard',189,'Non-fiction'),
                           (27,'Stanislaw Lem',170,'Sci-Fi/Saggistica'), 
                           (28,'Ayy Lmao 12',420,'Commedia'), 
                           (29,'Douglas Adams',844,'Sci-Fi/Commedia'), 
                           (30,'Myke Lytoris',399,'Fantasy'), 
                           (31,'Richard Dawkins',560,'Saggistica');

INSERT INTO `Comics` VALUES (63,'Koshi Rikido', 87,'Manga'),
                            (64,'Jonkler',64,'Superhero'),
                            (65,'Taiyo Matsumoto',129,'Manga'),
                            (66,'Kota Hirano',60,'Manga'),
                            (67,'Stan Lee',119,'Superhero'),
                            (68,'Leo ortolani',109,'Comico'),
                            (69,'Alan Moore',90,'Superhero'),
                            (70,'Neil Gaiman',116,'Horror/Superhero'),
                            (71,'Hirohiko Araki',38,'Manga'),
                            (72,'Naoki Urasawa',116,'Manga'),
                            (73,'Kentaro Miura',237,'Manga'),
                            (74,'Alan Moore',34,'Superhero'),
                            (75,'Robert Kirkman',101,'Horror'),
                            (76,'Hiromu Arakawa',21,'Manga'),
                            (77,'Norihiro Yagi',78,'Manga'),
                            (78,'Rei Hiroe',51,'Manga'),
                            (79,'Makoto Yukimura',74,'Manga'),
                            (80,'Q Hayashida',33,'Manga'),
                            (81,'Naoki Urasawa',40,'Manga'),
                            (82,'Joe Hill e Gabriel Rodríguez',92,'Superhero'),
                            (83,'Yoshihiro Togashi',48,'Manga'),
                            (84,'Alan Moore e Brian Bolland',30,'Superhero'),
                            (85,'Frank Miller e David Mazzucchelli',66,'Superhero'),
                            (86,'Riichiro Inagaki e Yusuke Murata',37,'Manga'),
                            (87,'Isuna Hasekura e Jyuu Ayakura',37,'Isuna Hasekura e Jyuu Ayakura'),
                            (88,'Ryoko Kui',37,'Manga'),
                            (89,'Yasuhiro Nightow',37,'Manga'),
                            (90,'Masamune Shirow',37,'Manga'),
                            (91,'Leo Ortolani',37,'Comico'),
                            (92,'Kazuki Nakashima e Kotaro Mori',37,'Manga'),
                            (93,'Tohru Fujisawa',106,'Manga');

INSERT INTO `Music` VALUES (32,'Michael Jackson',58,'Pop','Vinile'),
                           (33,'Miles Davis',48,'Jazz','CD'),
                           (34,'Daft Punk',33,'Electronic','Vinile'),
                           (35,'Charles Mingus',46,'Jazz','CD'),
                           (36,'Sam Smith',36,'Pop','Vinile'),
                           (37,'Taylor Swift',53,'Pop','Altro'),
                           (38,'Moby',36,'Electronic','CD'),
                           (39,'Led Zeppelin',69,'Rock','Altro'),
                           (40,'John Coltrane',61,'Jazz','Altro'),
                           (41,'Pink Floyd',31,'Rock','CD'),
                           (42,'Lady Gaga',61,'Pop','Vinile'),
                           (43,'We Are Magonia',84,'Electronic','Altro'),
                           (44,'AC/DC',70,'Rock','Altro'),
                           (45,'Jack Ü',30,'Electronic','Vinile'),
                           (46,'Led Zeppelin',85,'Rock','Vinile'),
                           (47,'Queen',56,'Rock','CD'),
                           (48,'The Weeknd',35,'Pop','Altro'),
                           (49,'Pendulum',44,'Electronic','Vinile'),
                           (50,'Sergei Prokofiev',39,'Classical','CD'),
                           (51,'Childish Gambino',52,'Electronic','CD'),
                           (52,'U2',43,'Rock','Altro'),
                           (53,'Years & Years',56,'Pop','Altro'),
                           (54,'Vladimir Ashkenazy ',53,'Classical','Vinile'),
                           (55,'Herbie Hancock',37,'Jazz','Vinile'),
                           (56,'Grim Salvo',24,'Electronic','Altro'),
                           (57,'Moondeity',18,'Electronic','Altro'),
                           (58,'Keygen Church',31,'Electronic','CD'),
                           (59,'Caparezza',44,'Rap','Vinile'),
                           (60,'Rancore',52,'Rap','CD'),
                           (61,'Kendrick Lamar',23,'Rap','CD'),
                           (62,'Metric',40,'Electronic','Altro');

INSERT INTO `Videogames` VALUES (94,'Action RPG','FromSoftware'),
                                (95,'JRPG','Monolith Soft'),
                                (96,'RPG','CD Projekt Red'),
                                (97,'Action Adventure','Team ICO'),
                                (98,'SAdventure','Team ICO'),
                                (99,'Action RPG','FromSoftware'),
                                (100,'Action RPG','FromSoftware'),
                                (101,'Action Adventure','Vanillaware'),
                                (102,'JRPG','Bandai Namco Entertainment'),
                                (103,'JRPG','Game Freak'),
                                (104,'Action/Stealth','Ubisoft'),
                                (105,'FPS/Action','The Game Bakers'),
                                (106,'RTS','Ensemble Studios'),
                                (107,'Puzzle/Datesim','HuniePot'),
                                (108,'FPS','Arsi "Hakita" Patala'),
                                (109,'Visual Novel','Sukeban Games'),
                                (110,'Action RPG','FromSoftware'),
                                (111,'RPG','CD Projekt Red'),
                                (112,'FPS','id Software'),
                                (113,'FPS','Saber Inteeractive'),
                                (114,'Action RPG','Developer 03'),
                                (115,'Action Adventure','Santa Monica Studio'),
                                (116,'Action Adventure','FromSoftware'),
                                (117,'Action Adventure/RPG','Capcom'),
                                (118,'RPG','Eidos-Montreal');

INSERT INTO `Reservation` VALUES (1,105,'user1@email.com','2024-08-28','10:00-11:00',''),(2,96,'user1@email.com','2024-08-29','12:00-13:00',''),(3,96,'user1@email.com','2024-09-03','10:00-11:00','');
